<?xml version="1.0"?>
<doc>
    <assembly>
        <name>JJ.Framework.Text</name>
    </assembly>
    <members>
        <member name="M:JJ.Framework.Text.StringExtensions.FromTill(System.String,System.Int32,System.Int32)">
            <summary>
            Takes the middle of a string by specifying the 0-based start index and the end index.
            </summary>
        </member>
        <member name="M:JJ.Framework.Text.StringExtensions.Left(System.String,System.Int32)">
            <summary>
            Returns the left part of a string.
            Throws an exception if the string has less characters than the length provided.
            </summary>
        </member>
        <member name="M:JJ.Framework.Text.StringExtensions.RemoveExcessiveWhiteSpace(System.String)">
            <summary>
            Trims and replaces sequences of two or more white space characters by a single space.
            </summary>
        </member>
        <member name="M:JJ.Framework.Text.StringExtensions.Repeat(System.String,System.Int32)">
            <summary>
            Repeat a string a number of times, returning a single string.
            </summary>
        </member>
        <member name="M:JJ.Framework.Text.StringExtensions.Replace(System.String,System.String,System.String,System.Boolean)">
            <summary>
            Variation on String.Replace with the ability to ignore case.
            </summary>
        </member>
        <member name="M:JJ.Framework.Text.StringExtensions.Right(System.String,System.Int32)">
            <summary>
            Returns the right part of a string.
            Throws an exception if the string has less characters than the length provided.
            </summary>
        </member>
        <member name="M:JJ.Framework.Text.StringExtensions.TakeEnd(System.String,System.Int32)">
            <summary>
            Returns the right part of a string.
            Can return less characters than the length provided, if string is shorter.
            </summary>
        </member>
        <member name="M:JJ.Framework.Text.StringExtensions.TakeEndUntil(System.String,System.String)">
            <summary>
            Takes the part of a string until the specified delimiter. Excludes the delimiter itself.
            </summary>
        </member>
        <member name="M:JJ.Framework.Text.StringExtensions.TakeEndUntil(System.String,System.Char)">
            <summary>
            Takes the part of a string until the specified delimiter. Excludes the delimiter itself.
            </summary>
        </member>
        <member name="M:JJ.Framework.Text.StringExtensions.TakeStart(System.String,System.Int32)">
            <summary>
            Returns the left part of a string.
            Can return less characters than the length provided if string is shorter.
            </summary>
        </member>
        <member name="M:JJ.Framework.Text.StringExtensions.TakeStartUntil(System.String,System.String)">
            <summary>
            Takes the part of a string until the specified delimiter. Excludes the delimiter itself.
            </summary>
        </member>
        <member name="M:JJ.Framework.Text.StringExtensions.TakeStartUntil(System.String,System.Char)">
            <summary>
            Takes the part of a string until the specified delimiter. Excludes the delimiter itself.
            </summary>
        </member>
        <member name="M:JJ.Framework.Text.StringExtensions.TrimEnd(System.String,System.String)">
            <summary>
            Will trim off repetitions of the same value from the given string.
            These are variations of the standard .NET methods that instead of just taking char[] can take a string or a length.
            </summary>
        </member>
        <member name="M:JJ.Framework.Text.StringExtensions.TrimEnd(System.String,System.Int32)">
            <summary>
            Will trim off repetitions of the same value from the given string.
            These are variations of the standard .NET methods that instead of just taking char[] can take a string or a length.
            </summary>
        </member>
        <member name="M:JJ.Framework.Text.StringExtensions.TrimEndUntil(System.String,System.Char)">
            <summary>
            Cuts off the part of a string until the specified delimiter and returns what remains including the delimiter itself.
            </summary>
        </member>
        <member name="M:JJ.Framework.Text.StringExtensions.TrimEndUntil(System.String,System.String)">
            <summary>
            Cuts off the part of a string until the specified delimiter and returns what remains including the delimiter itself.
            </summary>
        </member>
        <member name="M:JJ.Framework.Text.StringExtensions.TrimFirst(System.String,System.String)">
            <summary> Will trim off at most one occurrence of a value from the given string. </summary>
        </member>
        <member name="M:JJ.Framework.Text.StringExtensions.TrimLast(System.String,System.String)">
            <summary> Will trim off at most one occurrence of a value from the given string. </summary>
        </member>
        <member name="M:JJ.Framework.Text.StringExtensions.TrimStart(System.String,System.String)">
            <summary>
            Will trim off repetitions of the same value from the given string.
            These are variations of the standard .NET methods that instead of just taking char[] can take a string or a length.
            </summary>
        </member>
        <member name="M:JJ.Framework.Text.StringExtensions.TrimStart(System.String,System.Int32)">
            <summary>
            Will trim off repetitions of the same value from the given string.
            These are variations of the standard .NET methods that instead of just taking char[] can take a string or a length.
            </summary>
        </member>
        <member name="M:JJ.Framework.Text.StringExtensions.TrimStartUntil(System.String,System.Char)">
            <summary>
            Cuts off the part of a string until the specified delimiter and returns what remains including the delimiter itself.
            </summary>
        </member>
        <member name="M:JJ.Framework.Text.StringExtensions.TrimStartUntil(System.String,System.String)">
            <summary>
            Cuts off the part of a string until the specified delimiter and returns what remains including the delimiter itself.
            </summary>
        </member>
        <member name="M:JJ.Framework.Text.StringExtensions_Casing.StartWithCap(System.String)">
            <summary>
            Turns the first character into a capital letter.
            </summary>
        </member>
        <member name="M:JJ.Framework.Text.StringExtensions_Casing.StartWithLowerCase(System.String)">
            <summary>
            Turns the first character into a lower-case letter.
            </summary>
        </member>
        <member name="M:JJ.Framework.Text.StringExtensions_Casing.ToCamelCase(System.String)">
            <summary>
            Converts e.g. "This is a sentence." to "thisIsASentence" so it can be used in code.
            A little more restrictive than actual C# camel case.
            Only latin accent-free characters, digits and _ will be kept in tact.
            Other characters will be escaped in the form "u" + hex unicode character code.
            This clashes with for instance a literal "u0021", 
            so it is not a full-proof way to generate a unique result.
            </summary>
        </member>
        <member name="M:JJ.Framework.Text.StringHelper.Join(System.Char,System.Collections.Generic.IEnumerable{System.Object})">
            <summary> Alternative for String.Join, that takes a char as a separator. </summary>
        </member>
    </members>
</doc>
